score_train,acc_test,prec_test,sens_test,spec_test,f1_scor,mserror,time,method
0.8263665594855305,0.7940074906367042,0.7835051546391752,0.6909090909090909,0.8662420382165605,0.7342995169082126,0.20599250936329588,0.029343843460083008,reg_log
0.8263665594855305,0.7715355805243446,0.7474747474747475,0.6727272727272727,0.8407643312101911,0.708133971291866,0.22846441947565543,0.7777342796325684,svm
0.8263665594855305,0.7378277153558053,0.6818181818181818,0.6818181818181818,0.7770700636942676,0.6818181818181818,0.26217228464419473,0.011602640151977539,knn
0.8263665594855305,0.7640449438202247,0.7901234567901234,0.5818181818181818,0.89171974522293,0.6701570680628272,0.23595505617977527,0.12230515480041504,rand_for
0.8263665594855305,0.6891385767790262,0.7288135593220338,0.39090909090909093,0.8980891719745223,0.5088757396449705,0.31086142322097376,0.007025003433227539,sgd
