score_train,acc_test,prec_test,sens_test,spec_test,f1_scor,mserror,time,method
0.8263665594855305,0.7940074906367042,0.7835051546391752,0.6909090909090909,0.8662420382165605,0.7342995169082126,0.20599250936329588,0.051697731018066406,reg_log
0.8263665594855305,0.7715355805243446,0.7474747474747475,0.6727272727272727,0.8407643312101911,0.708133971291866,0.22846441947565543,0.7774209976196289,svm
0.8263665594855305,0.7378277153558053,0.6818181818181818,0.6818181818181818,0.7770700636942676,0.6818181818181818,0.26217228464419473,0.011591672897338867,knn
0.8263665594855305,0.7940074906367042,0.7619047619047619,0.7272727272727273,0.8407643312101911,0.7441860465116279,0.20599250936329588,0.13363432884216309,rand_for
0.8263665594855305,0.7565543071161048,0.7064220183486238,0.7,0.7961783439490446,0.7031963470319634,0.24344569288389514,0.0038919448852539062,sgd
